Cygnus olor,Cygnus cygnus,Cygnus columbianus,Anser cygnoides,Anser fabalis,Anser albifrons,Anser erythropus,Anser anser,Anser indicus,Tadorna ferruginea,Tadorna tadorna,Nettapus coromandelianus,Aix galericulata,Mareca strepera,Mareca falcata,Mareca penelope,Anas platyrhynchos,Spatula clypeata,Anas acuta,Spatula querquedula,Sibirionetta formosa,Anas crecca,Netta rufina,Aythya ferina,Aythya nyroca,Aythya fuligula,Aythya marila,Bucephala clangula,Mergellus albellus,Mergus serrator,Mergus squamatus,Mergus merganser,Leucogeranus leucogeranus,Antigone vipio,Grus virgo,Grus grus,Grus monacha,Grus nigricollis,Grus japonensis,Gallirallus striatus,Rallus aquaticus,Amaurornis akool,Amaurornis phoenicurus,Porzana pusilla,Porzana fusca,Gallicrex cinerea,Gallinula chloropus,Fulica atra,Scolopax rusticola,Gallinago stenura,Gallinago megala,Gallinago gallinago,Limosa limosa,Limosa lapponica,Numenius minutus,Numenius phaeopus,Numenius arquata,Numenius madagascariensis,Tringa erythropus,Tringa totanus,Tringa stagnatilis,Tringa nebularia,Tringa guttifer,Tringa ochropus,Tringa glareola,Xenus cinereus,Actitis hypoleucos,Tringa brevipes,Arenaria interpres,Limnodromus semipalmatus,Calidris tenuirostris,Calidris canutus,Calidris alba,Calidris pygmeus,Calidris minuta,Calidris ruficollis,Calidris temminckii,Calidris subminuta,Calidris acuminata,Calidris alpina,Calidris ferruginea,Calidris falcinellus,Calidris pugnax,Phalaropus lobatus,Rostratula benghalensis,Hydrophasianus chirurgus,Haematopus ostralegus,Ibidorhyncha struthersii,Himantopus himantopus,Recurvirostra avosetta,Pluvialis fulva,Pluvialis squatarola,Charadrius placidus,Charadrius dubius,Charadrius alexandrinus,Charadrius mongolus,Charadrius leschenaultii,Charadrius veredus,Vanellus vanellus,Vanellus cinereus,Glareola maldivarum,Larus crassirostris,Larus canus,Larus hyperboreus,Larus schistisagus,Larus cachinnans,Ichthyaetus ichthyaetus,Chroicocephalus brunnicephalus,Chroicocephalus ridibundus,Chroicocephalus saundersi,Ichthyaetus relictus,Gelochelidon nilotica,Hydroprogne caspia,Thalasseus bergii,Sterna dougallii,Sterna sumatrana,Sterna hirundo,Sternula albifrons,Onychoprion aleuticus,Onychoprion anaethetus,Chlidonias hybrida,Chlidonias leucopterus,Tachybaptus ruficollis,Podiceps grisegena,Podiceps cristatus,Podiceps auritus,Podiceps nigricollis,Phalacrocorax carbo,Egretta garzetta,Egretta eulophotes,Egretta sacra,Ardea cinerea,Ardea purpurea,Ardea alba,Ardea intermedia,Bubulcus coromandus,Ardeola bacchus,Butorides striata,Nycticorax nycticorax,Ixobrychus minutus,Ixobrychus sinensis,Ixobrychus eurhythmus,Ixobrychus cinnamomeus,Dupetor flavicollis,Botaurus stellaris,Platalea leucorodia,Platalea minor,Pelecanus crispus,Ciconia nigra,Ciconia boyciana
0,-0.07627934440941017,-0.12231100014780791,-0.10814563896257945,-0.027019134626491158,-0.10416397654279907,-0.0854878363037957,-0.1053996184010767,0,-0.11820744541505154,-0.10111217027617285,0.5830521352935712,-0.25608060408990196,-0.20622094412167405,-0.19359188207395012,-0.26341118637783045,-0.22161673151398922,-0.20659428882546638,-0.11181598893343574,-0.22789284601293702,-0.04335944523404619,-0.2907732400077154,0,-0.1973084677574242,-0.1335620199457325,-0.22744501834953754,-0.19057085141728952,-0.11812337739321363,-0.14667580756157328,-0.1216597121546295,-0.08832343657142436,-0.1029697651954527,-0.12494450151705426,-0.07457554788168783,0,-0.15879318547897275,-0.15641881834396243,0,-0.07457554788168781,0,0,0,0.09043782223974986,0,0,0,-0.13907799368277507,-0.2784538964326786,-0.2087689611312026,-0.07621884126347098,0.22300393818349426,-0.2730955926336363,-0.16936935704538264,-0.16751610474788667,0.05221138186970157,-0.08179303220708521,-0.03745518156796949,-0.18628498988643918,-0.28254960532777573,-0.1777010431352528,-0.2086730665385541,-0.30176837347569996,-0.18789637663244427,-0.32752365084800283,-0.07531772738711115,-0.08896714444879314,-0.07396663767321161,0.04357575164740611,-0.11818266346095796,-0.10588341678621797,-0.1674676774290404,-0.14947592564785322,-0.14700071233258866,0,-0.08352131342421579,-0.14263936341607802,-0.29470200221342446,-0.08886762265416741,0.04947371113706207,-0.13012758487676906,-0.13077513936298304,-0.07696224958232925,-0.17746879076373864,-0.11781369926595593,-0.006243362289953666,0.6701430760248512,-0.13177836900193132,0,-0.13039027628834776,-0.18954425788530857,-0.1390120232666223,-0.1385873675524901,0,-0.045933580704959294,-0.25844882938907526,-0.1624635189283335,-0.15116573158920635,-0.11051446718474814,-0.16203612271313877,-0.10837129639165109,0.06140341375421818,-0.10116127460543864,-0.0373305810244503,-0.012028314174465773,-0.05561918115659937,0,-0.04593374160839273,0,-0.12298831689227205,0,0,-0.17417496542306496,-0.13957061203323062,0,0,0,-0.17430233184826527,-0.06729938107775284,0,0,0.09101866991592554,-0.07156124147886386,-0.3190067096196101,0,-0.3018160712863403,-0.12842108285639506,-0.1680221970983441,-0.2350195085014755,-0.31521943425944793,0.06020714092029206,0,-0.3517167347137818,-0.011995984442113304,-0.41155483105011686,-0.05959503246534075,0,0.23473987119264267,0.006815136569984416,-0.22473144157000993,0,0.3263692041880231,0.07505284898246135,0.340571718498354,0,-0.1333051287684787,-0.21761711762224673,-0.20504909452735418,-0.15718481804524082,0,-0.10381282850437173
0,-0.07466129770981662,-0.11921706111526702,-0.10522197332218826,-0.025301519685263774,-0.10266649646253849,-0.08410900023437962,-0.10339374331039874,0,-0.11832307783894895,-0.09889030864659876,0.6709572533735788,-0.2351428019672809,-0.21403094538797462,-0.18426972999269003,-0.2585459264026344,-0.21584408362454804,-0.20305823803643866,-0.10926433566762286,-0.20181937730794158,-0.041670498330928486,-0.28747294467042583,0,-0.1924738826773422,-0.1314077938175755,-0.2326882049422156,-0.19649035459040887,-0.11621816162880697,-0.1435645025526914,-0.11969745873278063,-0.08609946514696404,-0.10117755782231133,-0.12260179211360947,-0.07337271646424123,0,-0.16094499917944338,-0.16319437887843607,0,-0.07337271646424123,0,0,0,-0.15931391162408126,0,0,0,-0.05745330212338617,-0.25794929496277713,-0.19791109982200053,0.24055435542808265,-0.06285968776869712,-0.31367635184850473,0.03386973550057977,-0.15200777109237,-0.07825941803184928,-0.061057256291828135,-0.033366038289256175,-0.12462606420965881,-0.255249937466225,-0.040185667057278426,-0.13355752783254188,-0.2681508341841674,-0.09400993363579963,-0.17846653731093562,-0.031947884303983876,-0.10574633353218293,0.04979428054381757,-0.08094793052219276,0.027127220804869557,0.07375020324434839,-0.04501046340071237,0.08016955940432231,-0.030263086199202687,0,-0.08152419422385089,-0.054600872521263964,-0.21837031132445403,0.26800512048669295,-0.01694224939457343,-0.1327788359290455,-0.07527533498053614,-0.09319123959944428,-0.18245641839448776,-0.13594235792377557,0.22982022873560812,0.11002718474576158,-0.12965291143738408,0,-0.03600818292976779,-0.16542788229527897,-0.015309200202257359,-0.13396287122338987,0,-0.10636286717657209,-0.29147615757957096,-0.09761316820116868,-0.1316836494582589,-0.10871853854022136,-0.15960855958176362,-0.10582753604332744,-0.030249265667047286,-0.026211528273080917,-0.05743863492688517,-0.010825482757019195,-0.11122447661075045,0,-0.02959909501436339,0,-0.11747758814050872,0,0,-0.11954820022415982,-0.1443715533879862,0,0,0,-0.1371505548973212,-0.01260268350975664,0,0,0.16167340896911347,-0.07175634423858214,-0.3330149132643033,0,-0.26410962834586504,-0.12492212846340052,-0.16570070010443397,-0.22972900185119674,-0.26471436661850284,0.16953986745952,0,-0.3349518779250365,0.20340892485767292,-0.3830660951347181,-0.10292628563421714,0,0.21189688983260022,0.2789128133535251,-0.11361641723565721,0,0.6149675491451922,0.16831274635302373,0.08637031716630465,0,-0.1227323273758955,-0.20943443608430487,-0.18018725533867538,-0.1546495790445111,0,-0.1020545601776401
0,-0.07304325101022308,-0.1161231220827261,-0.10555585900393798,-0.023583904744036394,-0.10026214378719953,-0.08273016416496355,-0.1013878682197208,0,-0.12175910043153892,-0.09675803868951309,0.44433694956356534,-0.22195578859147255,-0.1957466926901275,-0.18877260130417953,-0.25172940149860157,-0.21190409817028144,-0.14621934658000427,-0.10668230916153693,-0.07876055223883985,-0.03998155142781078,-0.27675633690841817,0,-0.1879654906212624,-0.12925356768941854,-0.23156388181476328,-0.19313858045596333,-0.11431294586440029,-0.14045319754380955,-0.11773520531093178,-0.05650499678863376,-0.0984392556808261,-0.1202590827101647,-0.07216988504679467,0,-0.15753285950092996,-0.16111428389542012,0,-0.07216988504679465,0,0,0,0.1762643299010119,0,0,0,-0.09958070238981832,-0.24669780080372292,-0.17222606498583312,-0.08537683694888466,-0.06210887949363189,-0.3214168531118858,0.2022222568714381,-0.14511489513969783,-0.04902216260070795,0.12775875760323874,-0.03275112362754417,-0.07251737493376927,-0.24265175464043917,0.001548646330383751,0.07518390827637314,-0.21695506527575573,-0.1852305895741651,-0.20930221078857983,-0.007634524096154632,0.06634614330280648,0.05054374976066866,-0.06974949328742011,0.11005097220704142,0.27708814994718756,-0.061890495916740555,0.031551812820817565,-0.04159229371340334,0,-0.03922699802507781,0.07820964114081255,-0.15661943693267943,0.027004641124001253,0.07092832346918272,-0.042003328911158405,0.05932345057743114,-0.1005335130773191,-0.14858970832131455,0.17602520186228202,0.0740168747264857,0.09741316152339548,0.07262508732990403,0,0.04375371799742638,-0.14351832963232836,-0.036716449456128925,-0.11746930771320269,0,-0.10294543354926525,-0.2072568473210011,0.1514176576944854,-0.033395079423414,-0.0969253045847311,-0.15610469907581845,-0.062165571357989856,-0.1508293682670962,-0.15103477642770682,-0.06952669403842698,0.02491835831963954,-0.15536712469384353,0,-0.0679020528124067,0,-0.11870049424528104,0,0,-0.08988505980997735,-0.05796237625906578,0,0,0,-0.021749515483350308,0.1315247315749162,0,0,0.14658364519048045,-0.07270934168851213,-0.3115075563044716,0,-0.2766073389664146,-0.09969832291390236,-0.14535395732703782,-0.2348079832720317,-0.29459000873315,0.05877998369926187,0,-0.3144020837951946,-0.008764243700169807,-0.2953606268403577,-0.11802139433951789,0,0.07349324590134029,0.06752041456527368,-0.032813541085262396,0,0.34748767827835436,0.058041761972173145,-0.012610746090149743,0,-0.09210000820051041,-0.2049394158258305,-0.14870072793230388,-0.15211434004378144,0,-0.1002962918509085
0,-0.0714252043106295,-0.11302918305018521,-0.09928222923794094,-0.02146364695822522,-0.09803916563087627,-0.0813513280955475,0.15819740793168868,0,-0.11760718010657181,-0.0945094792549568,0.1891234255817315,-0.235518146972373,-0.2133546925236265,-0.18483275482919045,-0.24791626926570604,-0.20196059116198478,-0.17551949498823585,-0.10070192413293727,-0.06484911928944039,-0.038292604524693075,-0.274606056042136,0,-0.1761820204194144,-0.12709934156126154,-0.23224160027773214,-0.1918505383414444,-0.11240773009999362,-0.1373418925349277,-0.09314637085420309,-0.1312143140431592,-0.09818927175451485,-0.11231018811738196,-0.07096705362934809,0,-0.15115149470190098,-0.1525026960139058,0,-0.07096705362934808,0,0,0,0.27758478781206297,0,0,0,0.0028952013621935057,-0.22764547244187802,-0.15448925057397644,-0.06860726242742732,-0.005627486785488949,-0.24558293512244586,0.003709080299844498,-0.08480618142938996,0.10651632557977346,0.20734467458544234,-0.028332842900904414,-0.1770325626324875,-0.2247587505558885,-0.05249810297226627,-0.11512413280920157,-0.15321828503890172,-0.16030561480821048,-0.1379232331496442,-0.018643028611731446,0.021455822547843974,-0.012694813727459307,0.12938882682386058,0.05814017838776385,-0.02329084513576794,-0.06817429884583455,-0.07015047823342185,-0.06085647795216625,0,0.0836703521705116,-0.04807173705836581,-0.12477243166920357,-0.09122593601891693,-0.028174377761061836,-0.10939043169638782,0.1578233722432146,-0.11078946410904313,-0.15153237080975202,-0.0005012759023067165,-0.05707414941558464,0.24579666647078094,-0.1254019963082895,0,0.04706203580824876,-0.16519352977918772,0.042587023122805504,-0.10085573807946575,0,-0.1998873192602458,-0.24564976928513813,-0.086271313258945,0.15384929892719426,-0.0976287022679452,-0.15099116897565684,0.01625996608500513,-0.17637143730206722,0.012351093589890847,-0.14476821810694132,-0.0709670536293481,-0.1492365870629264,0,-0.0659049336120418,0,-0.1177417408282367,0,0,-0.07220110847034292,-0.097417710023428,0,0,0,-0.024632244908838585,-0.1393063826177909,0,0,-0.08332984819999754,-0.055984777899205515,-0.2830591157170144,0,-0.2225053737022477,-0.1545482086203008,-0.15665947697276983,-0.23649701722200353,-0.2946572112671463,0.07916336514336074,0,-0.30325820937847614,-0.026745701897672718,-0.22158727295686872,-0.08633492289281311,0,0.015492869751471008,-0.009488035725682175,-0.10435078817557175,0,0.2436236469680707,0.10607257450908818,0.03954378299015925,0,-0.003234644463563858,-0.19442743228588072,-0.1311120780669654,-0.14957910104305172,0,-0.09853802352417687
0,-0.06980715761103595,-0.10585454453376152,-0.10141816458725797,-0.020877784877449578,-0.09345831872734936,-0.07997249202613145,-0.09737611803836493,0,-0.10388785349425014,-0.09232381368790668,0.13406244280263863,-0.16471710212057633,-0.17807238750487248,-0.18506318487679485,-0.22844473154631115,-0.19107495214510842,-0.07148637251177999,-0.0909796811531685,-0.11640840287937526,-0.036603657621575365,-0.219250673270999,0,-0.18567655934296276,-0.12494511543310459,-0.22433307307179975,-0.18505403857975294,-0.10480687760042315,-0.12784876360590866,-0.11381069846723406,-0.12899034261869885,-0.09461460997455637,-0.12572540465153584,-0.06976422221190151,0,-0.1511365765576711,-0.16339619595792543,0,-0.06976422221190151,0,0,0,-0.048380431064243404,0,0,0,0.07552762333525892,-0.15233662936831938,-0.16031195948261048,-0.09116400541890401,-0.016250267170235498,-0.27071421942478063,-0.14270104345881268,0.09611894012074039,0.30835549769156745,-0.015878530084168653,-0.023726785040511747,-0.046450315484048176,-0.19478257398100246,-0.02920740778317625,-0.04216921184726623,-0.12877469825144625,-0.17167614963735592,-0.2469508235458403,-0.10837983106667094,0.0740759897786493,0.010368151221259923,0.16900959101182156,-0.060181660092824524,-0.0846512129399737,0.0442577398846756,-0.06724959611229021,-0.1436004759874274,0,0.025217355873264295,0.0628918195605304,-0.030693050111700728,-0.1124286872139497,0.26150963327121024,0.06181199693890561,0.0023040825500275737,-0.10239787879613196,-0.029732159617175423,-0.12866200737475206,-0.05048219286979289,0.040757515401691265,0.07687600245899856,0,0.027074822416343007,-0.14622499305559428,-0.06942377874767643,-0.09219103559085623,0,-0.09280444621346517,-0.2038614112193804,-0.034705373332441496,0.06487295704898968,0.006223051425999723,-0.15567258184643443,-0.09744865128313795,-0.16007032732424953,-0.017547621547161826,-0.14310086782613468,-0.06976422221190155,-0.15583229572586105,0,-0.035232759624347965,0,-0.09012372467437736,0,0,-0.1320886891798803,0.043749849983492475,0,0,0,0.06256266501264594,-0.11290231204597975,0,0,0.055034461600468904,-0.07206575225770374,-0.2472188958071552,0,-0.16260654075504982,-0.15868231003905076,-0.13631849858481515,-0.22568447280590312,-0.2574501746225306,0.05963357891656833,0,-0.2661804463719683,0.189549995064317,-0.17544247546968086,-0.06416247004855778,0,-0.008375614935210227,-0.08941787620136181,-0.03596240573640649,0,0.3117314536101467,0.31240518396376915,0.11212204076462559,0,0.2159798079919475,-0.1875254666253315,-0.06638488052610952,-0.14704386204232203,0,-0.09606187129124912
0,-0.06487021768114604,-0.11405963244243288,-0.09934931737891793,-0.0191601699362222,-0.08851472278579114,-0.07859365595671539,-0.09537024294768702,0,-0.10068309574945494,-0.08540827257472816,0.22196756088264613,-0.20091354429561506,-0.13839659919259956,-0.19379498504776863,-0.2238920602481753,-0.20528340432979758,0.020914660973633654,-0.10790698181424511,-0.1307583482466844,-0.034914710718457656,-0.2402363182585085,0,-0.14829326587531938,-0.1227908893049476,-0.21195477208008148,-0.1908028571497205,-0.0972060251008527,-0.14267555826443945,-0.06659528297562547,-0.1267663711942385,-0.09352826640977185,-0.12057960265342206,-0.06856139079445493,0,-0.15806768354521777,-0.16115519740897932,0,-0.06856139079445493,0,0,0,-0.03342368895275879,0,0,0,0.10627034341611497,-0.13947043478782617,-0.05307747024813332,-0.0912485669744184,-0.08715306745198442,-0.10555313092041028,-0.12572984925557543,0.05131906985634578,0.4296080363786086,-0.11540173808832382,-0.02262660362865178,-0.017262193570296354,-0.15382174196129642,0.08148088727869317,0.003861087996173784,-0.12202497306453555,-0.16489892966895134,-0.19908079908451234,0.12276373974224689,0.18086865033488125,0.2824610248852442,0.3247432722876129,0.020729635410519677,-0.07687396128338425,0.1868922054617767,-0.036005638624778104,-0.10159925853887222,0,-0.09368575592159537,0.09096305778933365,-0.14734275403855768,-0.07607179583600225,0.48857071055800655,0.1722284807657503,0.08806322872445205,-0.09691997103707002,0.04912378358685529,-0.12139864922919662,-0.0756632318673539,0.2547530266922288,-0.12115108117919494,0,0.04106313895363864,-0.08365472796121334,0.011684545477007183,-0.02968358566957867,0,-0.05873743232315688,-0.19765185078866204,-0.03094830165464525,0.10146957948229869,-0.02613847974193177,-0.1532450187150593,-0.0844384389217562,-0.05964749676465189,-0.02667040115584007,-0.14534765842932965,-0.06856139079445496,-0.15304126953375605,0,-0.11383579442079947,0,-0.05276458407418341,0,0,-0.14891820566341946,0.1927934082653234,0,0,0,-0.04495570607851786,-0.10861201889647408,0,0,-0.02467274266098906,-0.04397609221473973,-0.1302170745776123,0,-0.18344267419087434,-0.10666941438102628,-0.16577031619230403,-0.20575582113453703,-0.1954133611509114,0.3673917675910847,0,-0.2566762231247739,0.12970151674325459,-0.1589762616411979,-0.06361126838658529,0,0.257894823000705,-0.09631296205894589,-0.09747762071520452,0,0.2523428976323698,-0.06924030941896565,0.07849690932947423,0,0.0723474274835941,-0.19324175414679362,-0.0689359313436625,-0.14450862304159234,0,-0.09632143880896071
0,-0.07258095195319632,-0.11144647496423192,-0.09728047017057792,-0.017442554994994804,-0.09019129678830465,-0.07721481988729931,-0.0933643678570091,0,-0.09858513472755727,-0.09671834742618897,0.1383133579317333,-0.09821901773389631,-0.18216983508897544,-0.1699690160651075,-0.1821774238531486,-0.19976191101517238,-0.11119508882286915,-0.10146818004585373,-0.11086684308293432,-0.033225763815339954,-0.17551921408492066,0,-0.17822452803549427,-0.12063666317679064,-0.1944166482149614,-0.1770082886588044,-0.09530080933644605,-0.1395642532555576,-0.04200644851889676,-0.1245423997697782,-0.09378543673232204,-0.1261158562187766,-0.06735855937700833,0,-0.15743752055619634,-0.14874549078600238,0,-0.06735855937700834,0,0,0,0.12508941550863278,0,0,0,0.10046298249227846,-0.17776838072704995,-0.04036621224806057,-0.08964771492223558,-0.08185282371299442,-0.01752161319859667,0.13214837663200985,-0.09066316329613437,0.11100407771817991,-0.02196353902589449,-0.022852818000529566,-0.11910331507676511,-0.11527424837351054,0.13432328889958633,0.0639631034036011,-0.13303993406816492,-0.15449215874103672,-0.0032834986627273076,0.3182967112387391,0.01914143856994464,0.555985197139249,0.11010539070829359,0.1841516227657956,0.3180739593536589,0.048123807457720914,-0.04782436470497116,-0.1175418246138649,0,-0.11183867522043449,0.09830613100230752,-0.19709224109592782,0.0610032191371992,0.2885932733557333,-0.02789275062864617,-0.0005669896391001789,-0.07891324979645632,0.15865420392556162,-0.09357984890948025,-0.13967793208456825,0.10319593121377575,-0.11902562361464755,0,-0.03875280516812233,-0.14383898818560104,-0.012249496080913266,-0.02449906076391278,0,-0.04034180119056283,-0.14990445561736554,-0.056762178312784135,0.07637425431407177,0.09479200385824219,-0.14979449543107873,-0.0680640098418915,-0.14991346582171694,0.09557675561381154,-0.09774906308115741,-0.06735855937700835,-0.0751563645013342,0,-0.11183867522043449,0,-0.06814331865093139,0,0,-0.14832344712943415,0.029422368309034795,0,0,0,-0.1333666991263844,0.024133304867894594,0,0,-0.10515821785057668,-0.04923379854109155,-0.08302191265585217,0,-0.13636093110413278,-0.15660185067024315,-0.16464781220222033,-0.202472066697632,-0.23162242408852038,0.7219053812515019,0,-0.23729251754703257,0.02531365531202249,-0.21410603930614447,-0.07997309619066914,0,0.21142005732470703,-0.08567970680818712,-0.042919184514673275,0,0.20265808172714012,0.0014050455347730674,0.2572785563135579,0,0.10551079692535911,-0.17480374022062992,-0.08330716192915436,-0.14197338404086263,0,-0.0945631704822291
0,-0.07096290525360277,-0.10835253593169103,-0.09259518546413541,-0.015724940053767424,-0.08515701358723858,-0.07583598381788326,-0.09135849276633116,0,-0.10257455568159603,-0.09450598405415662,0.11184559532446049,-0.03495112620781484,-0.09759200559187309,-0.14572485115193187,-0.17439009509027809,-0.19829638267201496,-0.06175187836268306,-0.10458724205164527,-0.10475165242779928,-0.031536816912222244,-0.09655484488418542,0,-0.08145852483114245,-0.11848243704863365,-0.18408507561711382,-0.19064739092901758,-0.06491740989622047,-0.13645294824667573,-0.09661064768424754,-0.1223184283453179,-0.0923906484781715,-0.12377314681533187,-0.06615572795956177,0,-0.15740476922805943,-0.15382262479121322,0,-0.06615572795956176,0,0,0,0.2621742549750541,0,0,0,0.06810203048268802,-0.16647550774671588,-0.13144516893674563,-0.0711927267930811,-0.0014868948192468482,-0.09551734382594733,0.25330505792023617,-0.12409062939277425,0.1276405141047235,0.35134369671472715,0.008302254088972229,-0.08991519316301326,-0.1419759892356035,0.18842320994310935,0.035479791303880084,-0.025284948449373033,-0.16949224452969214,0.05301531172819769,0.13983510113100592,0.005583316657255867,0.4873134755504375,-0.012655666533975748,0.4240469342765204,0.5421531918947368,-0.08061941524851675,0.13484364736425328,-0.18072518235136792,0,0.09165882897197125,0.04932311105646739,-0.1199028551188871,0.07836857872015242,0.28038657708189485,-0.09046306615867987,0.02945126376062855,-0.10519442737435131,0.06982300546003253,-0.097198783679657,-0.11543431134802497,-0.04946388706036039,-0.11690016605010028,0,-0.05390118418557418,-0.003499434362907704,-0.09466073096110816,-0.06597460908845144,0,0.009782620777673539,-0.1318624421528085,0.02099731737321522,0.148194988765032,0.2548785999263561,-0.1468311718462379,-0.09617200181752372,-0.13825622311005847,-0.1618213029231408,-0.08670375076398776,-0.06615572795956176,-0.09718603143553588,0,-0.06954147902166144,0,-0.06511521860131604,0,0,-0.11086964528914692,-0.09299348061771887,0,0,0,-0.1935715626817645,0.08078121809080008,0,0,-0.16494168635191594,-0.07022446788837362,-0.19214540430173735,0,-0.11966049759631558,-0.045212588168936994,-0.15423311243248208,-0.17719103130658942,-0.2289128114869238,0.5107923902044313,0,-0.24565063275904367,-0.07105711715937908,-0.20458247686002254,-0.07391109506285949,0,0.14997437069462197,-0.13347425525190476,0.003840193330977673,0,0.10564679848090953,0.04943585807168811,0.0071619007203401995,0,0.3193987107605784,-0.1284573264312332,-0.045279503178317866,-0.139438145040133,0,-0.09160842897850394
0,-0.06934485855400921,-0.09177029680871122,-0.08348563779180652,-0.003739932575653311,-0.08057616668371168,-0.0744571477484672,-0.08935261767565324,0,-0.09558114761611315,-0.09189058651075813,-0.028995047970092707,-0.1680349008477967,-0.007131920434861439,-0.16314530360329846,-0.20648450705185897,-0.17527630914155368,-0.003990881836987946,-0.09633543965252003,-0.014782560278104042,0.004034887037049308,-0.16617009935268795,0,-0.04608935157289761,-0.11632821092047665,-0.16628571023081914,-0.15357764928103468,-0.0658600124993957,-0.1141961714773823,-0.10596168477983864,-0.04316116824187181,-0.08776608842864021,-0.12143043741188711,-0.06495289654211521,0,-0.13461687523459032,-0.12105563738240553,0,-0.0649528965421152,0,0,0,0.4238972614802267,0,0,0,0.36012636529833153,-0.10831772289793354,-0.16692222489931047,-0.06116480670241247,0.1437084894354278,0.009826421081412342,-0.06757915879570926,0.10783800175819537,0.5463309907049436,0.44434074029689435,-0.05482367380896737,-0.11917451802271257,-0.17957431877515442,0.05724860271915762,0.055305675943517055,0.1198654206869041,-0.16997412648030757,-0.03355865947828099,0.16819074558511052,0.06698821253542771,0.24966187221827513,0.03225297243597363,0.2534012424264144,0.10251127761217922,-0.09492970346352197,0.1181705824091553,-0.15902274257029764,0,0.39590652566039747,0.07835040792682511,-0.046144249494127716,-0.037611816930467855,0.2545252028573399,-0.08941707387650727,0.1250314243763089,-0.08879022878835464,-0.13148127583264016,-0.11170001136556595,-0.10884235480223321,-0.042228899960428376,-0.11477470848555303,0,0.014835086988400012,0.013978435912346324,-0.016801139698773136,-0.13631393793678054,0,0.018881475448450452,-0.14242528302203164,0.04974709411666223,0.2709613315579059,0.07797269613741217,-0.13935010595319805,-0.10446849533986738,-0.15072129091983813,-0.13623272081194948,0.02307376834146683,0.03213534682431901,-0.0005276566930347437,0,-0.1078444368197047,0,-0.10982229869459816,0,0,-0.06319583598665775,-0.09464402266251028,0,0,0,-0.06179277065925302,-0.09151350552898686,0,0,-0.19063688820117705,-0.06739131598676348,-0.18177966416859073,0,-0.0329491421629079,0.019350812718013498,-0.15285697530697354,-0.217006119130634,-0.1615067084749327,0.3475752003624303,0,-0.23139177748005868,0.24411601030718744,-0.1092095837653332,-0.012806149390009113,0,-0.06038819924020692,-0.10823404907752682,-0.044867237613442384,0,-0.007381876231223746,-0.12867875355963349,-0.0754801795807884,0,0.2876991950176526,-0.11693277690071982,0.026179634686164743,-0.13690290603940328,0,-0.09225604185091614
0,-0.057770132163526576,-0.11410296577568012,-0.1048434362618413,0.0034677719626692964,-0.0576015019719328,-0.07307831167905114,-0.08734674258497531,0,-0.09735697512435683,-0.08666650536900106,-0.11264925092100574,-0.20610597540001602,-0.10607861582000706,-0.11875000775784032,-0.18849713020566103,-0.20470480918756784,0.10865501419940479,-0.11815032698805682,0.04409015635696828,-0.0895141858652384,-0.18997831571350027,0,-0.13176797524556547,-0.1141739847923197,-0.16003063592938474,-0.14768112288141647,-0.09528079877838982,-0.16489916547073846,-0.10399943135798977,-0.11787048549639727,-0.0903603204360022,-0.10332980207084368,-0.06375006512466862,0,-0.13619802705003695,-0.11217786335478452,0,-0.06375006512466862,0,0,0,0.04492528182688872,0,0,0,0.4953301193617347,0.07151309633724375,-0.07690293954349747,-0.07978891794259575,0.14104722111254953,-0.000839540721403262,-0.08254608442121696,0.48657403216563455,0.3135884269297972,0.04236133502513437,-0.024530126022264488,0.066637480865647,-0.10956741884638552,0.07949136505605604,0.25418583106664566,0.11571610871342529,-0.16682645747141298,-0.007600701239200371,0.10848234038821643,0.40350152722029303,0.26886097281187155,-0.05151000828913053,0.1230046685528603,0.030286426749848386,0.3122932494040915,0.10603867317574259,-0.13602856239220557,0,0.2568533753663338,0.13998540697615677,0.11509925511380673,-0.06588013801131602,0.20115835211536442,0.3528370154234936,0.33766745981885044,-0.08010727572005852,0.047577959344664016,-0.09355436030427822,-0.16226605650499673,-0.06476742834394354,-0.11264925092100574,0,0.22642066151678863,-0.1401644933501125,-0.015467258216204613,-0.047768236285291726,0,0.005440394688138054,-0.10623994527024734,0.02873662023390364,0.36586679478879564,-0.021870645879522213,-0.14190041817920943,-0.07239438824041546,-0.16081605147918235,-0.1340007840890445,0.0673493379595479,-0.06375006512466862,0.18061133174482288,0,-0.025247163622523442,0,-0.020772802479249664,0,0,-0.0624335363467347,0.3169328114496735,0,0,0,0.11366002831936656,-0.11323942111160534,0,0,-0.20792676402663812,-0.06662907808516169,-0.06658000917137591,0,0.027157066250488235,-0.14507746074737077,-0.132700457381146,-0.1626976793165636,-0.21927318676295493,0.35085293851900434,0,-0.17978839188142567,0.39627499559053275,-0.08470145196732626,-0.026242480205369702,0,-0.13691663665350215,-0.11366843984274899,-0.04363465023660973,0,-0.15814731789215064,-0.035418856189071084,-0.14178327692659123,0,0.18344920111677746,-0.11460056558019235,0.15351088415472308,-0.1343676670386736,0,-0.09318822131677547
0,-0.08413842837886454,-0.12647460701722354,-0.10037185616341156,-0.0893159769438239,-0.12275915762992867,-0.07169947560963509,-0.07486785887974014,0,-0.10688037969288319,-0.08526149388801751,-0.11052379335645846,-0.17542898818328265,-0.11127153796794294,-0.11014467783455732,-0.14957190301340995,-0.18244868095289543,0.2511414791292412,-0.06363162524593172,0.0413016839374036,-0.08782523896212069,-0.1691335441918003,0,-0.18896800050180365,-0.11201975866416272,-0.15286384083225893,-0.12144209514252195,-0.09907121974914693,-0.1438497607944439,0.011095727238258416,0.0382200632860346,-0.08517522147983458,-0.11394192601032857,-0.06254723370722204,0,-0.1598120775825823,-0.16156903129542785,0,-0.06254723370722204,0,0,0,-0.059339810755302244,0,0,0,0.25260049124271033,0.11656074277669262,0.17489649157889234,-0.07987347949811013,-0.01288277638582524,0.16730100172161938,0.04403327311940431,0.33873328777522016,0.40377848146038803,-0.01004646768704272,-0.09707163544336468,0.21042843959008722,0.008650113594223642,0.20086857521027981,0.22581331987687736,0.024179370484394412,-0.10197642215084836,0.19758351728539778,0.29631572284418395,0.5124903699383667,0.26023960821065056,0.008601270679035775,0.21196578765151497,0.23164901289666465,0.7086661707784969,0.22935847770983886,-0.11266531352925017,0,-0.0031000059229544766,0.12849209078318563,0.11681147334065722,-0.039604059718863126,0.37461573330542,0.5834038786540818,0.3862660108101443,-0.09415100757178657,0.32684048649524183,-0.08991843313063347,-0.15920443279735527,-0.06635422360947738,-0.11052379335645848,0,0.21922179611451106,-0.17662540710840108,-0.07766415466400835,0.04338067512319997,0,0.01822413084299941,-0.08105274614995324,0.03594613765650451,0.5833601280924148,-0.0017463241648958546,-0.15040857770646496,-0.07882187247471303,-0.15009403203640317,-0.11944738246716032,0.1774783309403006,0.1316292530256464,0.03321460025629404,0,0.09765018657306593,0,0.07794367699410794,0,0,-0.09283388241123051,0.6975307190138755,0,0,0,0.10713779831420256,-0.03025009654742413,0,0,-0.15423833120667627,-0.06846296190748688,0.15056935486204848,0,-0.0012265696179014378,-0.04455062382431641,-0.09973546611636551,-0.10692949848803601,-0.24656011652855397,0.17053010538947835,0,-0.14763354193714737,0.19924521729014757,-0.12665294414387593,-0.08648676284030243,0,-0.12972973985691189,-0.1337097815315903,-0.09019436264430238,0,-0.08626583455519539,-0.07784621331945069,-0.10188298506277652,0,0.17605910099199285,-0.12502108260880238,0.1236404771442529,-0.1318324280379439,0,-0.08941211714560067
0,-0.07391609922983322,-0.15484590043487753,-0.10446223344754821,-0.08537482758279256,-0.07871419357965999,-0.06782066032026544,-0.1031977826502511,0,-0.10042195066468844,-0.09398709483705772,-0.10935003320887263,0.09407757166782844,-0.09900262643016437,-0.03215913087970329,-0.031585238435457505,-0.19371367222483102,0.0359637436518852,-0.11383231685026417,0.16526924932503054,-0.086892536940996,0.03662682441161811,0,-0.0847767055788625,-0.11083011139935962,-0.11233245642724633,-0.11521225632730835,-0.065871597559323,-0.1600696770987427,0.06874581231215066,0.13290244587068129,-0.02708170608683437,-0.08113233909143791,0.0006642501857540802,0,-0.13889083781999395,-0.13526057244254341,0,-0.061882983521467955,0,0,0,0.12974911218653312,0,0,0,0.276268522751911,0.012275916906092147,0.16806620384792853,-0.07224777244148918,-0.023213645878193464,0.3143763781572439,-0.10455875587690301,0.10614192910864718,0.5218287960424874,0.07492878997955053,-0.10158767280517918,0.05752802460633584,0.06003887488612784,0.19777073998072792,0.0350940779291078,-0.05226825555691095,-0.10749725909480716,0.26213433448143014,0.4648030335914877,0.0773572137141878,0.17412248474909572,-0.021223366508959205,0.04537031214808785,-0.0196294149927258,0.36509624792378165,0.02544219324524885,-0.1527218229075638,0,0.05845299629724733,-0.0012202295723805368,-0.046741210350543565,-0.08400448447735546,0.1261604141764513,0.12030247851531925,0.0857104573134491,-0.10155642509724112,0.5515045619135519,-0.1163885732172035,-0.15751368537671748,-0.04334915865855776,-0.10935003320887263,0,0.008494981752577721,-0.16954388453941266,-0.0655866000712404,0.05267458131580598,0,0.06963370741327116,-0.005682793360406246,-0.05248534123897868,0.41877950369318984,0.40163699609164194,-0.131310989424379,-0.07833208697859266,-0.1522874106346015,-0.09450656103574241,0.1530131070208398,0.22938174657783467,-0.07716284850511115,0,-0.05663472359243751,0,0.05505674954082334,0,0,-0.12034476400298212,0.28991207890651877,0,0,0,-0.0605810619326062,-0.11120065090807832,0,0,-0.10882892807794667,-0.06365669386573988,0.26122373215790656,0,0.0822900041476675,0.030996586294696888,-0.11926366559307247,-0.1163633240067036,-0.2168807283212019,0.20883223860873393,0,-0.136958691880199,-0.03969704293016686,-0.1514693871285908,-0.06447084950993612,0,-0.16218779867724004,-0.1456351901332847,-0.029503683118361265,0,-0.2008603618012247,-0.1441426178084156,-0.096065545772747,0,0.43315430948649586,-0.05819543699754902,0.04651693154544046,-0.13043237067933197,0,-0.0869924304867223
0,-0.08486292690107061,-0.13534772931300082,-0.10773244710093309,-0.08596068966356821,-0.07449837631092719,-0.0691994963896815,-0.10520365774092903,0,-0.031482718173692005,-0.1095712078602316,0.08867705042932075,0.21761506533694344,0.13982262718208663,-0.001105944099418331,-0.04809455369971826,-0.1483729374716504,0.16627127058097121,-0.08321388672835751,0.13363908388866638,-0.08322628634642341,0.2894858479248454,0,0.1837345686128097,-0.11298433752751659,-0.09393311452632423,-0.09672415964937292,0.025434472476739148,-0.11574850702552376,-0.0689759273189773,-0.0616547472512434,-0.014611312391118026,-0.07559608552608336,-0.0005385812316924975,0,-0.07845126251949316,-0.09787956449713159,0,-0.06308581493891453,0,0,0,0.06247964217234788,0,0,0,0.2661174806807994,0.008400969633122419,-0.05963907029314257,-0.0822756925321578,0.003332158630289524,0.18430118216273556,-0.022499098216059065,0.1540433641460658,0.11163654623978674,-0.05203722558278839,-0.10040499063590833,-0.022085345504118985,0.007049976481979478,0.1583418788678872,0.01286253507146034,-0.10458131850749232,-0.15419953961782176,0.019096952128032044,0.04232467512553688,-0.015526293150380597,0.11315898987180421,-0.11372287851680506,-0.007366600771669966,0.08617656532199133,0.1053322026012885,-0.05136991303572582,-0.173317056634044,0,0.03630583859767836,-0.073982123875548,0.06651070149665016,-0.056636235993426466,-0.002520609892221863,0.007367882132945907,-0.005091912492971633,-0.10878253938861261,0.4869633747057034,-0.1055147765032053,-0.11115064935025457,0.25431870724792305,-0.11147549077341994,0,-0.05626653261380932,0.1668242650089103,-0.13767066606717795,-0.09747887937803984,0,0.2505682690474505,0.03691860629531794,-0.07237884411531818,0.07690724377357064,0.7926518552903854,-0.12238966544638238,-0.04461706713882217,-0.16528299009310446,-0.17558447565531957,-0.05302032566057223,-0.014541693255697435,-0.08193953014732064,0,0.08241842670162614,0,0.0009901490763809377,0,0,-0.12671969069181935,0.04163094236081433,0,0,0,-0.10592171518782052,-0.07841784661430706,0,0,-0.2025204866037719,-0.07252973459241455,0.04054710400708594,0,0.062369624447639854,0.12349798768787343,0.0024356762463085386,-0.1431036527761978,-0.272212095458693,0.11546477913786245,0,-0.16601677490903466,-0.02438794771927412,-0.19194351865292483,-0.05050532723207209,0,-0.07933740688139407,-0.15626844538404347,-0.04899318684380987,0,-0.21883217806847477,-0.14694434551168337,-0.1073726174647416,0,0.44517207614309445,-0.02073980824460307,0.05813702090197335,-0.10660112407247288,0,-0.08471502712456748
0,-0.06782341165737647,-0.09534633822403808,-0.1076526966287121,-0.09050768675592495,-0.06683644318089678,-0.07057833245909756,-0.10720953283160697,0,-0.010997769138007457,-0.026481517217446498,0.08655159286477344,-0.10028132261362292,0.3270908049269119,-0.06611181418280414,-0.12612386198080724,-0.13971528358654764,0.3227637823256553,-0.013074547865960379,-0.060117483803424306,-0.08246714296488271,0.1026008500492137,0,0.22943458577956183,-0.11513856365567356,0.0032392271412229555,-0.003910676689870984,0.07654249093962616,-0.07780916087244202,-0.023944512437614165,-0.08582443243349132,-0.003407321410394881,-0.10157568383592612,-0.001741412649139074,0,-0.011850322179123803,-0.046468162895365074,0,-0.0017414126491390736,0,0,0,0.05995042621685306,0,0,0,0.13460324096718,0.0805101989142537,-0.047721537651068444,-0.07713489015355189,-0.03950092768607924,0.30565361236193994,-0.0726042876192918,0.016884767726385308,0.034926437663881836,0.028869221154311817,-0.04004016021779609,0.0201623008607917,-0.08452813134712624,0.024389474487364293,-0.06718364412744503,-0.10903068991935365,-0.16097675958622637,-0.06462665597451434,-0.04089054124230457,0.11721131407824667,-0.04677912342437785,-0.1484964241546098,0.048569104845262764,0.04580586449102691,0.1926739893466007,0.0587883231554448,-0.18173302376003325,0,0.014158680898109377,-0.06942531825215274,0.0485352648690812,-0.09326314915044967,-0.02437803911416865,0.16623951763983744,0.0957482157164663,-0.11615433755767657,0.09931769501260523,-0.11398727830606438,-0.16363693279200037,-0.08814400973971055,-0.11360094833796719,0,-0.09596979754106003,0.36283847639500966,-0.15019462775339157,-0.05599333054320533,0,0.23545800394656902,0.019455027852855106,-0.0858177745122404,0.13304754902515117,0.3718022123613094,-0.12941298652405403,-0.06996274080130817,-0.16521769286553464,-0.18371052574912705,0.07326479075237101,-0.06428864635636111,0.2766587355795995,0,0.16102146149807764,0,0.010376660679848621,0,0,-0.12823592530846223,0.18189905404403192,0,0,0,-0.1266957395302241,-0.10937475371423995,0,0,-0.16966519221571813,-0.0799268751328874,0.016196233306748943,0,-0.010613153611091178,0.26561425185738924,0.06063450399842324,-0.056209343328874985,-0.26516377150673237,0.10078327878960518,0,-0.18976628434941117,-0.09192210509329705,-0.2427759375338296,-0.10961042144778745,0,-0.27179539887997795,-0.1435305791570117,-0.14279754742068246,0,-0.0880133132233388,0.008555723702814558,-0.0819169775072532,0,0.10210615654838165,-0.04488020961485762,-0.012108671624441687,-0.10913636307320257,0,-0.07719254405137597
0,-0.06011267738532619,-0.044518116363304105,-0.03989211921881954,-0.062108705146188874,-0.07489479768939707,-0.009609798433178765,-0.1092154079222849,0,-0.020289908858739044,-0.00036109176176393184,0.08442613530022616,-0.10336312768710952,0.11378416182396361,-0.004591241841122492,-0.11756712326473225,-0.1068710006955632,0.04322440492993366,-0.03865631916110701,-0.04607761625463702,0.013071003293689971,-0.05058472316524258,0,-0.03835734104069425,-0.09488883805099801,0.023591621960107688,0.020310870975755208,0.0034418159856721992,-0.07195141604761755,0.03392313591545967,-0.05500654269454109,-0.002886193613291082,-0.06331143024632824,-0.002944244066585652,0,-0.01439755243814774,0.0035745651641066172,0,-0.0029442440665856514,0,0,0,0.031633551274496345,0,0,0,0.3184657976060412,0.08225397061590509,-0.043217591772477,-0.08210656942112901,-0.012955123177596244,0.3111951097299072,-0.1794723200751615,0.0047762262259141725,0.19792493323869664,-0.06051034748970748,-0.10812262542326696,-0.14043707392921637,-0.09883666349694256,-0.0005779132652322851,-0.09663322703248907,-0.14211632208602396,-0.14960622475708096,0.040471203914143036,0.016411742379425623,-0.09163061093155919,-0.1450077286768244,-0.16299978312812533,-0.1450397209924272,-0.1170371908133463,0.05625767047320956,-0.08730049889301637,-0.20546534130785205,0,0.052461638696152654,-0.168911476940113,-0.11307111073765223,-0.13101515305362182,-0.13393316206956568,-0.027664355604810783,-0.05238764380107006,-0.1204667742951988,0.03068657752013304,-0.1248780674235306,-0.0925615668984853,-0.07056773393676992,-0.11572640590251447,0,-0.11396743398861749,-0.0849359135386918,-0.18040613556794743,-0.07117605793461798,0,0.025891634597851033,-0.03403562921582346,-0.1431628084028734,0.08769465015807572,0.07175334193970796,-0.08630966796818126,-0.1270815723605777,-0.17198920022425476,-0.16241689049196933,0.3836103852248338,-0.06549147777380768,0.6821906755817176,0,0.1590243422977127,0,0.06591275869568756,0,0,-0.14223397231746643,0.02287923128064755,0,0,0,-0.1292722609742493,-0.15529098083514425,0,0,-0.25214964937647655,-0.0808586421099313,0.1351998870713674,0,0.038077202327194984,-0.03990417047145714,-0.056986310603829464,0.014195398577950729,-0.2207755814039653,0.07469801624966467,0,-0.16846082463310946,-0.09710112611308239,-0.20975094201955768,-0.11007547566237567,0,-0.30214772581150023,-0.14686035894596097,-0.14775821295221833,0,-0.1251230613003342,-0.15254780091821876,-0.17083421823704517,0,0.11161176137342407,0.03815769810934021,-0.06294672144684056,-0.11167160207393226,0,-0.08423469662461433
0,0.003032543814376832,-0.054134966676361314,-0.00996880902762354,0.0006835929583331367,-0.009646454771893371,-0.010988634502594819,-0.11122128301296283,0,-0.02902865021802187,-0.025323322204268205,-0.11785186346706192,-0.013598694364667615,0.09456541436545518,0.12656217165702663,0.0018477920165364667,-0.1402565420071971,0.07181722930955545,-0.08129563956838233,-0.08098574720108966,-0.0820198957013393,0.03179825375800339,0,-0.026829694552618834,-0.04103318484707363,0.040409786431478044,-0.03520056620367693,0.007232236956429311,-0.10895538052425502,-0.02460557009358884,0.3274359292759275,-0.004544939341995234,-0.03966871370459832,-0.004147075484032232,0,-0.03692686526496539,-0.029234137984016303,0,-0.004147075484032238,0,0,0,-0.08044441618868545,0,0,0,0.029029431488986956,0.26099595913969276,-0.10967735380779932,-0.08876366229640331,-0.058062927225927374,-0.009425246349462242,-0.17413980418793218,0.05425495275046895,-0.040251484490076914,-0.179094408927069,0.0923035515053028,-0.06571862380127723,-0.081005460652646,-0.09596638868510436,-0.12382737218397757,-0.20344867976252942,-0.17090164856352558,0.00736196930975355,-0.18056490206216494,0.01797387752566973,-0.19073399103075764,-0.16780870500132847,-0.16960225132859855,-0.12382676219192444,0.11041485797321288,-0.07062743393791839,-0.1945052024785148,0,-0.05028567300023272,-0.16588303511072477,-0.07275626964905589,-0.13865972858984815,-0.14139819078821106,0.1562266150159013,0.00014371067029823542,-0.12536194654349087,0.16450700911651944,-0.1248865636252646,-0.16976018020728328,-0.08386769641295973,-0.11785186346706181,0,-0.1236699257942539,-0.02961090764412226,-0.19726174120395917,0.07514945595138184,0,-0.031085774506654992,-0.0871968415824245,-0.14699493324903495,-0.01915119002795009,0.2340798421501634,-0.052679676895580355,-0.10869242868278509,-0.17797277577719836,-0.07152956994315422,0.6575145292629798,0.4187469076409168,0.36494403174578594,0,0.21747733859496027,0,0.09399165861124767,0,0,-0.1548079199259999,0.11011562124613393,0,0,0,-0.12547965640384204,-0.15925607137549838,0,0,-0.24637818328733416,-0.08361201562309811,0.008282760556740655,0,0.1498016621809901,0.3164514197988491,-0.025937757121052535,0.17460228341877984,-0.2928798650145558,-0.11788217428885088,0,-0.13408131469548068,-0.12823290306052437,-0.1819414095642042,-0.11994027125329133,0,-0.3655564743601763,-0.1297404074418435,-0.2024488365824933,0,-0.23447176325073452,-0.15534952862148652,-0.14537857827955686,0,0.07848616880130654,0.09290779389162744,-0.03478611254376053,-0.11420684107466197,0,-0.07386654761695163
0,-0.031236236285970106,0.007350359500834307,0.030610852563129027,-0.028109032721393628,-0.0773456342928713,-0.012367470572010875,-0.08378951226812856,0,-0.013971262035007868,-0.01403044690024791,-0.11997732103160921,-0.08661566350400227,0.2608654801456656,0.15191332606774524,-0.042297920219757625,-0.00543140762011464,0.22781181508280562,0.008699344025528192,-0.1461929107002518,0.1079912421486831,-0.003121824569667983,0,0.1761080184199394,-0.0431874109752306,0.021510541750469618,-0.016890912519945674,0.013870476294768315,0.01289632609225232,0.033262078259484996,0.5175451795489316,0.007542864306334413,0.040717688064349736,-0.00534990690147881,0,0.027025847265214453,0.06879559553440481,0,-0.005349906901478815,0,0,0,-0.1577556743533476,0,0,0,-0.15519826524370547,0.19553326834913162,-0.027865380573467623,-0.09036451434858608,-0.1031707312742585,0.17386497548875915,-0.18259950611024575,-0.10254688723169693,-0.007070729304955034,-0.19788910072917346,0.08751956250318922,-0.11782731307716676,-0.06601093473600982,-0.11904749730375604,-0.17623618210324982,-0.23818495849602747,-0.15953111373438011,0.10369777990421691,-0.10016385131886131,-0.08442641870687902,-0.1927478809751157,-0.15278809644207483,-0.20825197295656311,-0.1375300955165821,0.09674348602152355,-0.10858073820786737,-0.21270148975338307,0,-0.1127329076982099,-0.21494609773522963,-0.13143923468734806,-0.14148891573255695,-0.15154980093413936,0.044752368760232336,-0.0794339134207785,-0.12880028001485833,0.009987355646955747,-0.13335906542812367,-0.17282180391492472,-0.08558906953447562,-0.11997732103160907,0,-0.17393953001418241,0.1547941419784683,-0.2220586940812674,0.09317380763223432,0,-0.0614066824669309,-0.13010590212612314,-0.18415066484939752,-0.011767424009841541,0.08732298649666752,0.012078553777936218,-0.13515950791809875,-0.1806808992780292,-0.08124515820777485,0.6157312289424671,0.6602646846395557,0.09932442961257155,0,-0.026320242595853888,0,-0.02235647633132724,0,0,-0.1763453167022022,0.08446270260456869,0,0,0,-0.16718080907938068,-0.1550910966870637,0,0,-0.27936460941904767,-0.08522522300142886,0.0175947273927979,0,0.13213990674459486,0.6526234490284843,0.005912046494089174,0.17106561463867698,-0.29617740332565273,-0.09151013074704853,0,-0.10474231656370593,-0.24921432016675085,-0.20699836755844525,-0.13813411851732985,0,-0.3522214078336577,-0.18419451546345975,-0.1959942668444762,0,-0.21875003759941888,0.00015054059301137767,-0.17710937866570864,0,0.01952119739032556,0.19277590913961168,-0.1182225669825505,-0.11674208007539166,0,-0.06558090867951559
0,0.02562999772128033,0.15392147292596753,0.05728238723240068,0.19163235797798686,0.0686004177005247,-0.011606023787407976,-0.11211943603863951,0,-0.011152491460956893,-0.018673850783641754,-0.11880356088402337,0.05026683848604476,0.28492606137147225,0.2992354721929414,0.006620878407471228,0.13805311724377195,0.12525847476361637,0.12121185807839065,-0.1379031125883401,0.21747345489804318,0.13378401572887336,0,0.24689909510609545,-0.030795787844011217,0.0410553893632503,0.05768259307546829,0.0015050046032820013,0.15811930679466743,0.011719129711297802,0.057173610798972575,0.018248598481158597,0.08875488610563136,-0.0046856567157247285,0,0.18516452060021596,0.19862861412124416,0,-0.004685656715724732,0,0,0,-0.16492623515593108,0,0,0,-0.09230223184283896,0.2127101051995074,-0.08234934860624094,-0.08948046172275381,-0.10554008870475849,0.09052352076263287,-0.18204811264560924,-0.14042890181398507,0.14321423864704555,-0.18129294250318517,0.06985701592323601,-0.17282311228040254,-0.04259341478308358,-0.09594701122851798,-0.21169991055332021,-0.21003406021304027,-0.16505195067833892,0.13844929791587485,-0.15919939671905575,-0.18804024636475308,-0.14905649172872643,0.0070897741737675594,-0.23397553554205808,-0.13497469195705272,-0.06421596526914006,-0.15512248817957125,-0.18252848688702422,0,-0.1116300209756203,-0.2128964033367617,-0.10115282847465108,-0.13503523876511675,0.0019586344379870922,-0.0007422808829653722,-0.16897037284183997,-0.12139637105026752,0.06082939396877118,-0.1356463323686221,-0.17113105649428692,-0.07305987114254667,-0.11880356088402325,0,-0.23871633190675248,-0.10920282481248612,-0.19770814829740485,0.059700916179798745,0,-0.09192475389720854,-0.07806772013419164,-0.15906999991298137,-0.13634778560936095,0.1487151542406657,0.06367602395116279,-0.12607227969696638,-0.16874918160832655,-0.14656608880886887,0.21764927558112407,0.07839947462670449,0.23363388654359307,0,0.35763337561161346,0,-0.045004830653861363,0,0,-0.17838995019141793,-0.07284055643223267,0,0,0,-0.19113939642900046,-0.1414076917846163,0,0,-0.2397144111584774,-0.07463834589705823,0.06705930315132035,0,0.09868546464206104,0.06299388201441726,0.22214161078418565,0.07604602301784737,-0.18206891539007308,-0.05206762130862469,0,-0.05571245809374429,-0.23873603497011506,-0.1259995057145361,-0.13046175517644593,0,-0.30055012414053844,-0.1721308162021334,-0.173675896750778,0,-0.2166301356395366,-0.15660403356324817,-0.08959702459905014,0,0.21122464452507328,0.22028357731491005,-0.11733517092448587,-0.11534202271677974,0,0.0017264287078843836
0,0.09864219879483734,0.173322563157064,-0.010087657224387411,0.2043445920075192,0.13934929170433036,-0.006750122847290554,-0.05525001945829303,0,-0.021945192123309167,0.11140140953121297,-0.12092901844857061,-0.05441608442297366,0.35577063525189473,0.24891605189737281,0.05385983056692065,0.10857599263011836,0.02191814226038796,0.20287079628518614,-0.20594527328541665,-0.022310541518588,0.10845166103719832,0,0.2041078134136517,-0.027349026038960056,0.09398262338195998,0.12640627181740607,0.016686699044366676,0.09998633069054878,-0.02418299526287086,0.01648299503501939,0.006431938703621502,0.04701736185819003,-0.005888488133171304,0,0.15526118622785373,0.04283197915294761,0,-0.00588848813317131,0,0,0,-0.16005966329433596,0,0,0,-0.2337893674587716,0.2588173772637995,-0.15807609409591664,-0.08963358670165825,-0.1074282558458049,-0.005624186559776252,-0.1813531824155905,-0.17779398893410253,-0.1462445821702071,-0.17926509563692478,0.11113398421705024,-0.1863488464966936,-0.06809003146022277,-0.16899839485282908,-0.20684382710763816,-0.2008562023498996,-0.17908827256576354,-0.015870599587118613,-0.16012525521629184,-0.14739587778935098,-0.08179039521262567,-0.10237500275962473,-0.18206474172278056,-0.16151786889585804,-0.13257188641106918,-0.17133365431253902,-0.19999728300422923,0,-0.1136271401759852,-0.1697041100975216,-0.10347532974493624,-0.11504758557592484,-0.16036862369618202,0.01195600347033727,-0.13918967396541843,-0.12046138657782854,-0.05688088693918191,-0.1380731158849633,-0.17419268020192838,-0.08635983361873643,-0.12092901844857054,0,-0.25601074214989067,0.030022830240967694,-0.15639199704349965,0.06408687962722781,0,-0.09566595069630764,-0.12608920148779906,-0.19092582316262374,-0.2039893881260236,0.131506713241737,-0.0029639818800602596,-0.13983009577356662,-0.182260746318625,-0.14841539662509928,0.14228424408440182,0.028652521526040853,0.07596173524333465,0,0.6377367954001057,0,0.10154581563652532,0,0,-0.18225176029118909,-0.12247488007753209,0,0,0,-0.2501281768579986,-0.17008818062048833,0,0,-0.2827734591100226,-0.07261166430266162,-0.027848564285722917,0,0.11554449029978836,0.12055937411537858,0.301311287324379,0.09244661429383483,-0.19964554523087838,0.09779400858196277,0,-0.1104248852241578,-0.3107241306551549,-0.16433160087886242,-0.13722700077269867,0,-0.29742726243521217,-0.17546059599108269,-0.24917557027422618,0,-0.27907742723929346,-0.1594057612665159,-0.1785142653288422,0,-0.026084928491571964,0.06478975376956976,-0.11214023098390795,-0.07832753330612627,0,-0.0033948993595859156
0,0.05540343699098681,0.028898659575262088,-0.025856702546412102,-0.04009592366395745,-0.01843372825160047,-0.0038483932086687002,0.016338220039809528,0,-0.015688966342566855,0.1507654865160552,-0.11645604058885173,-0.12000871794714194,0.21747478790779234,0.0444098901534885,-0.021971699763584908,0.04973071453207442,-0.04271853905787423,0.08943051342277672,-0.24192334307819746,-0.06606918919034123,-0.03397617076697449,0,0.04037194810535252,-0.022815505381196876,0.04875532091394447,0.07030519691799496,0.0007614543934030028,-0.028001745079936736,-0.020053476867636682,0.17502987046536253,-0.001517299199557001,0.07164494877101983,-0.003357156344216568,0,0.051305555681673054,0.005659015086941197,0,-0.003357156344216573,0,0,0,-0.18698847248803063,0,0,0,-0.21981405290445852,0.05172239236415788,-0.13596487965405382,-0.0862646293978109,-0.08753162624613492,-0.014108701761329211,0.011760712017302869,-0.20043327065751199,-0.13878392453407634,-0.11316111201446076,-0.06469246850931466,-0.17645446252372346,-0.056254578941238864,-0.11754729461483829,-0.1382793512259089,-0.1907055904241713,-0.13972831591424287,-0.04695248205687683,-0.21495749131094996,-0.1749373341028188,-0.06478341802009568,-0.1468599338143506,-0.06002760004435658,0.13483442966905104,-0.13631081837684822,-0.09872728274299662,-0.2044954440908997,0,-0.10942424753044117,-0.19723590279985037,-0.15176698890852997,-0.058942788526511435,-0.0967622565619431,-0.07867606126498236,-0.15287359981212276,-0.11875595852143903,-0.15382690640212393,-0.11603799310354744,-0.16774956165301128,-0.09431583177738441,-0.11645604058885163,0,-0.24618973366969815,-0.04912619209309418,-0.2192782613832153,-0.09544475191402418,0,-0.15437943603930235,-0.09262491004794592,-0.14853096961639317,-0.16401451629062722,-0.038416974911203,-0.013846688809740455,-0.15051123502215247,-0.17420015838655137,-0.15420903859630522,0.26518243042629064,0.22536034004786407,0.10999559194407742,0,0.05758857156873116,0,0.07406800707642999,0,0,-0.16751972957621655,-0.11401866772852307,0,0,0,-0.23450719540364545,-0.06237744439893356,0,0,-0.2806448996344716,-0.08155227374454828,-0.1497137065007615,0,0.00589644376779906,0.23478562666505873,0.050809767317291143,0.01642379948120397,-0.23087154027265944,0.04653274797269087,0,-0.12682348329959492,-0.30074263088551717,-0.23002106773076245,-0.1490670342643539,0,-0.2821649158748712,-0.17867801461908103,-0.2500731083241836,0,-0.2867856722759651,-0.15350958804023607,-0.1719112980121143,0,-0.16672349208036405,0.04419053180030594,-0.08272502186490197,-0.033442451176789574,0,-0.0070804596146639255
0,-0.008645682364992392,-0.04330630706520334,-0.010482633100735368,-0.07823639268145395,-0.04582590889286664,0.0011936192839721112,-0.04992097817261138,0,-0.009124114552555018,0.0019826872109759822,-0.10868384501699968,-0.09245833750115778,-0.019998482252074196,0.04805073900957594,-0.008294606034980443,0.017430418991555865,-0.08794579686047121,-0.012994303258529936,-0.20501779199983786,-0.059893189320731725,-0.03380957780426927,0,0.021228200087288072,-0.014938111330473606,0.03904757853281226,0.014072229370693743,-0.009358622046720656,-0.025593634806537754,-0.012878072563860985,-0.009170918411313999,0.00133495865371693,0.04475623934939258,0.001041257047938827,0,0.015098190798186244,0.025028755967059575,0,0.0010412570479388236,0,0,0,0.03135827381232177,0,0,0,-0.18452891745936806,0.09366862251242576,-0.11485164804573672,-0.06861287216206831,-0.04878108621423853,-0.0767289624149342,-0.16470480868086265,-0.17572067139105707,-0.006306911940272883,0.0665064727385167,0.22571411974415345,-0.18226654426237204,-0.06688233222359176,-0.19351273767043603,-0.19363503919257583,-0.11561533377189163,-0.12821818297127013,0.04705048498540819,-0.14593924648092169,-0.11398109614853799,-0.17413507464700728,-0.1496011610612635,-0.052700444599105944,-0.09676636806611313,-0.13696996182611162,-0.042605185988112824,-0.19073180275154267,0,0.03892892053248596,-0.15342983868966142,-0.12044145210836325,-0.12042468717480519,-0.15621952456883972,-0.07861577950488818,-0.07424815707479791,-0.10301725078501979,-0.142153815806125,-0.12409194517887834,-0.15655407197581492,-0.08731085046767627,-0.1086838450169996,0,-0.240901809040299,0.11387797999963564,-0.15330505995353627,0.1571592619656928,0,-0.20511610246701767,-0.0932097988325155,-0.11565199182078834,-0.06038059629121414,-0.08891772430144891,0.017635483981358984,-0.14918758384367312,-0.16110995459863492,-0.17859681722378362,0.10821155551944546,-0.012961854976066112,0.216776643771377,0,0.10519154713563784,0,0.04407013218443826,0,0,-0.1385370390235016,-0.09786821091094755,0,0,0,-0.22480040239126525,-0.14933173923623178,0,0,-0.26831799765069875,-0.07705386845820443,-0.07352059481891143,0,0.06489770079287399,0.18651586414548585,0.010627760471786487,0.22895924008915594,-0.2080602028082486,-0.023742093060022146,0,-0.0682511005153299,-0.2887225978119908,-0.19987418135732982,-0.11269526416630743,0,-0.33500455589238776,-0.16650195419680386,-0.23101296205570349,0,-0.2654293496914986,-0.14326446434918244,-0.1604380569298566,0,-0.12219872909212513,0.11402345838116196,-0.03299302137646229,-0.010988558295700045,0,0.01515540982425932
